id_1,name_1,lat1,lon1,id_2,name_2,lat2,lon2,distance_km
7,,25.9927288,91.8603808,10,,26.1213547,91.9378282,16.261
0,,26.6775771,93.9197615,15,,26.4953446,93.921233,20.264
10,,26.1213547,91.9378282,11,,26.3089846,91.7162024,30.399
3,,26.1309795,92.8389438,5,,26.2457821,92.5414484,32.313
12,,26.5650613,90.2382086,13,,26.4440503,89.9426989,32.338
2,,26.1368767,89.833195,13,,26.4440503,89.9426989,35.858
8,,24.9464416,92.7561213,9,,24.8435415,92.4046572,37.25
7,,25.9927288,91.8603808,11,,26.3089846,91.7162024,37.997
0,,26.6775771,93.9197615,14,,27.0843386,93.8398448,45.919
6,,26.476259,90.7121246,12,,26.5650613,90.2382086,48.175
4,,26.5675685,92.8694616,5,,26.2457821,92.5414484,48.451
3,,26.1309795,92.8389438,4,,26.5675685,92.8694616,48.642
