plaza_id,lat,lon,booths,name,booth_ids
0,26.6775771,93.9197615,2,,567378714;12091082170
1,25.272863,91.69103,1,,567774615
2,26.1368767,89.833195,1,,569317565
3,26.1309795,92.8389438,2,,2468833396;12156186885
4,26.5675685,92.8694616,2,,3736878493;12091082722
5,26.2457821,92.5414484,2,,3897173093;3897173094
6,26.476259,90.7121246,2,,5501702894;5501702895
7,25.9927288,91.8603808,2,,9049141711;9049141781
8,24.9464416,92.7561213,2,,9691473714;9691473720
9,24.8435415,92.4046572,2,,10045466628;12328420092
10,26.1213547,91.9378282,2,,10628556167;10628556169
11,26.3089846,91.7162024,2,,11297362272;11297362273
12,26.5650613,90.2382086,2,,11518538349;11518538350
13,26.4440503,89.9426989,2,,11875132553;11875132554
14,27.0843386,93.8398448,1,,12669631300
15,26.4953446,93.921233,1,,12690540799
