,id,lat,lon,name,barrier,source,bicycle,currency:INR,foot,motor_vehicle,highway
0,567378714,26.6776792,93.9197508,,toll_booth,Esri world imagery (retreived 08/2024),,,,,
1,567774615,25.272863,91.69103,,toll_booth,,yes,yes,yes,yes,
2,569317565,26.1368767,89.833195,,toll_booth,,,,,,
3,2468833396,26.1309265,92.8389023,,toll_booth,Esri world imagery (retreived 09/2024),,,,,
4,3736878493,26.5675559,92.8694128,,toll_booth,,,,,,
5,3897173093,26.2456806,92.5414966,,toll_booth,,,,,,
6,3897173094,26.2458836,92.5414003,,toll_booth,,,,,,
7,5473365530,24.0239742,91.5608607,,,,,,,,toll_gantry
8,5473366048,24.0047697,91.4384633,,,,,,,,toll_gantry
9,5501702894,26.4763138,90.7121428,,toll_booth,,,,,,
10,5501702895,26.4762041,90.7121065,,toll_booth,,,,,,
11,7138530165,25.4673702,92.2739348,,,,,,,,toll_gantry
12,9049141711,25.9927125,91.8604593,,toll_booth,,,,,,
13,9049141781,25.9927451,91.8603024,,toll_booth,,,,,,
14,9612419650,23.9889092,91.4083755,,,,,,,,toll_gantry
15,9612419695,23.9856277,91.3947433,,,,,,,,toll_gantry
16,9676785237,23.9566834,91.3747819,,,,,,,,toll_gantry
17,9691473714,24.9464331,92.7561817,,toll_booth,Esri world imagery (retreived 09/2024),,,,,
18,9691473720,24.9464501,92.7560609,,toll_booth,Esri world imagery (retreived 09/2024),,,,,
19,10045466628,24.8434713,92.4046806,,toll_booth,,,,,,
20,10209168291,25.1871295,93.0933139,,,,,,,,toll_gantry
21,10213828706,24.0459497,91.5925994,108B,,,,,,,toll_gantry
22,10628556167,26.1212943,91.9378829,,toll_booth,,,,,,
23,10628556169,26.1214151,91.9377734,,toll_booth,,,,,,
24,11297362272,26.3089917,91.7162796,,toll_booth,,,,,,
25,11297362273,26.3089775,91.7161253,,toll_booth,,,,,,
26,11518538349,26.5650014,90.2382016,,toll_booth,,,,,,
27,11518538350,26.5651212,90.2382155,,toll_booth,,,,,,
28,11875132553,26.4439556,89.9426843,,toll_booth,Esri World imagery (retreived 05/2024),,,,,
29,11875132554,26.4441451,89.9427135,,toll_booth,Esri World imagery (retreived 05/2024),,,,,
30,12091082170,26.6774751,93.9197722,,toll_booth,Esri world imagery (retreived 08/2024),,,,,
31,12091082722,26.5675811,92.8695103,,toll_booth,,,,,,
32,12156186885,26.1310325,92.8389853,,toll_booth,Esri world imagery (retreived 09/2024),,,,,
33,12328420092,24.8436117,92.4046339,,toll_booth,,,,,,
34,12669631300,27.0843386,93.8398448,,toll_booth,,,,,,
35,12690540799,26.4953446,93.921233,,toll_booth,,,,,,
